{
  "study_dir": "results\\optuna\\cifar10\\optuna_nsga2_cifar10_20260424_112057",
  "reference_point": {
    "accuracy": 0.0,
    "inference_ms": 1000.0,
    "param_count": 10000000.0
  },
  "n_trials": 100,
  "n_pareto_points": 30,
  "hypervolume": 7587879859.205417,
  "spacing": 0.3253552203990701
}